State,Region,Year,Snakebite cases,Latitude,Longitude
Rondonia,Norte,2000,293,-11.64002724,-61.20999536
Rondonia,Norte,2001,415,-11.64002724,-61.20999536
Rondonia,Norte,2002,522,-11.64002724,-61.20999536
Rondonia,Norte,2003,740,-11.64002724,-61.20999536
Rondonia,Norte,2004,657,-11.64002724,-61.20999536
Rondonia,Norte,2005,672,-11.64002724,-61.20999536
Rondonia,Norte,2006,585,-11.64002724,-61.20999536
Rondonia,Norte,2007,487,-11.64002724,-61.20999536
Rondonia,Norte,2008,433,-11.64002724,-61.20999536
Rondonia,Norte,2009,449,-11.64002724,-61.20999536
Rondonia,Norte,2010,484,-11.64002724,-61.20999536
Rondonia,Norte,2011,453,-11.64002724,-61.20999536
Rondonia,Norte,2012,458,-11.64002724,-61.20999536
Rondonia,Norte,2013,446,-11.64002724,-61.20999536
Rondonia,Norte,2014,546,-11.64002724,-61.20999536
Rondonia,Norte,2015,512,-11.64002724,-61.20999536
Rondonia,Norte,2016,492,-11.64002724,-61.20999536
Rondonia,Norte,2017,479,-11.64002724,-61.20999536
Rondonia,Norte,2018,576,-11.64002724,-61.20999536
Rondonia,Norte,2019,650,-11.64002724,-61.20999536
Rondonia,Norte,2020,661,-11.64002724,-61.20999536
Rondonia,Norte,2021,545,-11.64002724,-61.20999536
Rondonia,Norte,2022,494,-11.64002724,-61.20999536
Acre,Norte,2000,103,-9.070003236,-68.66997929
Acre,Norte,2001,100,-9.070003236,-68.66997929
Acre,Norte,2002,172,-9.070003236,-68.66997929
Acre,Norte,2003,203,-9.070003236,-68.66997929
Acre,Norte,2004,239,-9.070003236,-68.66997929
Acre,Norte,2005,318,-9.070003236,-68.66997929
Acre,Norte,2006,329,-9.070003236,-68.66997929
Acre,Norte,2007,296,-9.070003236,-68.66997929
Acre,Norte,2008,401,-9.070003236,-68.66997929
Acre,Norte,2009,422,-9.070003236,-68.66997929
Acre,Norte,2010,534,-9.070003236,-68.66997929
Acre,Norte,2011,461,-9.070003236,-68.66997929
Acre,Norte,2012,423,-9.070003236,-68.66997929
Acre,Norte,2013,471,-9.070003236,-68.66997929
Acre,Norte,2014,482,-9.070003236,-68.66997929
Acre,Norte,2015,521,-9.070003236,-68.66997929
Acre,Norte,2016,467,-9.070003236,-68.66997929
Acre,Norte,2017,448,-9.070003236,-68.66997929
Acre,Norte,2018,438,-9.070003236,-68.66997929
Acre,Norte,2019,508,-9.070003236,-68.66997929
Acre,Norte,2020,447,-9.070003236,-68.66997929
Acre,Norte,2021,451,-9.070003236,-68.66997929
Acre,Norte,2022,460,-9.070003236,-68.66997929
Amazonas,Norte,2000,311,-3.289580873,-60.6199797
Amazonas,Norte,2001,273,-3.289580873,-60.6199797
Amazonas,Norte,2002,612,-3.289580873,-60.6199797
Amazonas,Norte,2003,940,-3.289580873,-60.6199797
Amazonas,Norte,2004,137,-3.289580873,-60.6199797
Amazonas,Norte,2005,1717,-3.289580873,-60.6199797
Amazonas,Norte,2006,1696,-3.289580873,-60.6199797
Amazonas,Norte,2007,1329,-3.289580873,-60.6199797
Amazonas,Norte,2008,1546,-3.289580873,-60.6199797
Amazonas,Norte,2009,1688,-3.289580873,-60.6199797
Amazonas,Norte,2010,1488,-3.289580873,-60.6199797
Amazonas,Norte,2011,1426,-3.289580873,-60.6199797
Amazonas,Norte,2012,1575,-3.289580873,-60.6199797
Amazonas,Norte,2013,179,-3.289580873,-60.6199797
Amazonas,Norte,2014,1711,-3.289580873,-60.6199797
Amazonas,Norte,2015,1491,-3.289580873,-60.6199797
Amazonas,Norte,2016,1469,-3.289580873,-60.6199797
Amazonas,Norte,2017,1603,-3.289580873,-60.6199797
Amazonas,Norte,2018,1845,-3.289580873,-60.6199797
Amazonas,Norte,2019,2197,-3.289580873,-60.6199797
Amazonas,Norte,2020,2161,-3.289580873,-60.6199797
Amazonas,Norte,2021,2121,-3.289580873,-60.6199797
Amazonas,Norte,2022,1956,-3.289580873,-60.6199797
Roraima,Norte,2000,12,1.816231505,-61.12767481
Roraima,Norte,2001,30,1.816231505,-61.12767481
Roraima,Norte,2002,101,1.816231505,-61.12767481
Roraima,Norte,2003,78,1.816231505,-61.12767481
Roraima,Norte,2004,178,1.816231505,-61.12767481
Roraima,Norte,2005,224,1.816231505,-61.12767481
Roraima,Norte,2006,303,1.816231505,-61.12767481
Roraima,Norte,2007,277,1.816231505,-61.12767481
Roraima,Norte,2008,184,1.816231505,-61.12767481
Roraima,Norte,2009,300,1.816231505,-61.12767481
Roraima,Norte,2010,226,1.816231505,-61.12767481
Roraima,Norte,2011,350,1.816231505,-61.12767481
Roraima,Norte,2012,438,1.816231505,-61.12767481
Roraima,Norte,2013,394,1.816231505,-61.12767481
Roraima,Norte,2014,374,1.816231505,-61.12767481
Roraima,Norte,2015,365,1.816231505,-61.12767481
Roraima,Norte,2016,352,1.816231505,-61.12767481
Roraima,Norte,2017,467,1.816231505,-61.12767481
Roraima,Norte,2018,575,1.816231505,-61.12767481
Roraima,Norte,2019,488,1.816231505,-61.12767481
Roraima,Norte,2020,416,1.816231505,-61.12767481
Roraima,Norte,2021,448,1.816231505,-61.12767481
Roraima,Norte,2022,566,1.816231505,-61.12767481
Para,Norte,2000,1615,-1.190019105,-47.17999903
Para,Norte,2001,2693,-1.190019105,-47.17999903
Para,Norte,2002,3235,-1.190019105,-47.17999903
Para,Norte,2003,4003,-1.190019105,-47.17999903
Para,Norte,2004,4005,-1.190019105,-47.17999903
Para,Norte,2005,4514,-1.190019105,-47.17999903
Para,Norte,2006,4462,-1.190019105,-47.17999903
Para,Norte,2007,4594,-1.190019105,-47.17999903
Para,Norte,2008,4734,-1.190019105,-47.17999903
Para,Norte,2009,5138,-1.190019105,-47.17999903
Para,Norte,2010,5213,-1.190019105,-47.17999903
Para,Norte,2011,5137,-1.190019105,-47.17999903
Para,Norte,2012,4890,-1.190019105,-47.17999903
Para,Norte,2013,5326,-1.190019105,-47.17999903
Para,Norte,2014,5173,-1.190019105,-47.17999903
Para,Norte,2015,5001,-1.190019105,-47.17999903
Para,Norte,2016,4849,-1.190019105,-47.17999903
Para,Norte,2017,4863,-1.190019105,-47.17999903
Para,Norte,2018,4902,-1.190019105,-47.17999903
Para,Norte,2019,5470,-1.190019105,-47.17999903
Para,Norte,2020,5463,-1.190019105,-47.17999903
Para,Norte,2021,5729,-1.190019105,-47.17999903
Para,Norte,2022,5696,-1.190019105,-47.17999903
Amapa,Norte,2000,15,-0.039598369,-51.17998743
Amapa,Norte,2001,9,-0.039598369,-51.17998743
Amapa,Norte,2002,76,-0.039598369,-51.17998743
Amapa,Norte,2003,181,-0.039598369,-51.17998743
Amapa,Norte,2004,241,-0.039598369,-51.17998743
Amapa,Norte,2005,245,-0.039598369,-51.17998743
Amapa,Norte,2006,261,-0.039598369,-51.17998743
Amapa,Norte,2007,246,-0.039598369,-51.17998743
Amapa,Norte,2008,257,-0.039598369,-51.17998743
Amapa,Norte,2009,278,-0.039598369,-51.17998743
Amapa,Norte,2010,243,-0.039598369,-51.17998743
Amapa,Norte,2011,256,-0.039598369,-51.17998743
Amapa,Norte,2012,309,-0.039598369,-51.17998743
Amapa,Norte,2013,312,-0.039598369,-51.17998743
Amapa,Norte,2014,409,-0.039598369,-51.17998743
Amapa,Norte,2015,376,-0.039598369,-51.17998743
Amapa,Norte,2016,347,-0.039598369,-51.17998743
Amapa,Norte,2017,405,-0.039598369,-51.17998743
Amapa,Norte,2018,451,-0.039598369,-51.17998743
Amapa,Norte,2019,539,-0.039598369,-51.17998743
Amapa,Norte,2020,443,-0.039598369,-51.17998743
Amapa,Norte,2021,460,-0.039598369,-51.17998743
Amapa,Norte,2022,443,-0.039598369,-51.17998743
Tocantins,Norte,2000,386,-6.319576804,-47.41998438
Tocantins,Norte,2001,515,-6.319576804,-47.41998438
Tocantins,Norte,2002,715,-6.319576804,-47.41998438
Tocantins,Norte,2003,725,-6.319576804,-47.41998438
Tocantins,Norte,2004,725,-6.319576804,-47.41998438
Tocantins,Norte,2005,781,-6.319576804,-47.41998438
Tocantins,Norte,2006,736,-6.319576804,-47.41998438
Tocantins,Norte,2007,692,-6.319576804,-47.41998438
Tocantins,Norte,2008,765,-6.319576804,-47.41998438
Tocantins,Norte,2009,830,-6.319576804,-47.41998438
Tocantins,Norte,2010,1051,-6.319576804,-47.41998438
Tocantins,Norte,2011,1019,-6.319576804,-47.41998438
Tocantins,Norte,2012,842,-6.319576804,-47.41998438
Tocantins,Norte,2013,784,-6.319576804,-47.41998438
Tocantins,Norte,2014,763,-6.319576804,-47.41998438
Tocantins,Norte,2015,794,-6.319576804,-47.41998438
Tocantins,Norte,2016,796,-6.319576804,-47.41998438
Tocantins,Norte,2017,665,-6.319576804,-47.41998438
Tocantins,Norte,2018,771,-6.319576804,-47.41998438
Tocantins,Norte,2019,939,-6.319576804,-47.41998438
Tocantins,Norte,2020,937,-6.319576804,-47.41998438
Tocantins,Norte,2021,694,-6.319576804,-47.41998438
Tocantins,Norte,2022,671,-6.319576804,-47.41998438
Maranhao,Nordeste,2000,299,-5.809995505,-46.14998438
Maranhao,Nordeste,2001,689,-5.809995505,-46.14998438
Maranhao,Nordeste,2002,1034,-5.809995505,-46.14998438
Maranhao,Nordeste,2003,1124,-5.809995505,-46.14998438
Maranhao,Nordeste,2004,1045,-5.809995505,-46.14998438
Maranhao,Nordeste,2005,1334,-5.809995505,-46.14998438
Maranhao,Nordeste,2006,1358,-5.809995505,-46.14998438
Maranhao,Nordeste,2007,1497,-5.809995505,-46.14998438
Maranhao,Nordeste,2008,1472,-5.809995505,-46.14998438
Maranhao,Nordeste,2009,1435,-5.809995505,-46.14998438
Maranhao,Nordeste,2010,1648,-5.809995505,-46.14998438
Maranhao,Nordeste,2011,1667,-5.809995505,-46.14998438
Maranhao,Nordeste,2012,1461,-5.809995505,-46.14998438
Maranhao,Nordeste,2013,1397,-5.809995505,-46.14998438
Maranhao,Nordeste,2014,1504,-5.809995505,-46.14998438
Maranhao,Nordeste,2015,1488,-5.809995505,-46.14998438
Maranhao,Nordeste,2016,1213,-5.809995505,-46.14998438
Maranhao,Nordeste,2017,1393,-5.809995505,-46.14998438
Maranhao,Nordeste,2018,1795,-5.809995505,-46.14998438
Maranhao,Nordeste,2019,2257,-5.809995505,-46.14998438
Maranhao,Nordeste,2020,2327,-5.809995505,-46.14998438
Maranhao,Nordeste,2021,2241,-5.809995505,-46.14998438
Maranhao,Nordeste,2022,2142,-5.809995505,-46.14998438
Piaui,Nordeste,2000,126,-4.820030091,-42.18001998
Piaui,Nordeste,2001,156,-4.820030091,-42.18001998
Piaui,Nordeste,2002,172,-4.820030091,-42.18001998
Piaui,Nordeste,2003,169,-4.820030091,-42.18001998
Piaui,Nordeste,2004,183,-4.820030091,-42.18001998
Piaui,Nordeste,2005,231,-4.820030091,-42.18001998
Piaui,Nordeste,2006,267,-4.820030091,-42.18001998
Piaui,Nordeste,2007,211,-4.820030091,-42.18001998
Piaui,Nordeste,2008,181,-4.820030091,-42.18001998
Piaui,Nordeste,2009,261,-4.820030091,-42.18001998
Piaui,Nordeste,2010,270,-4.820030091,-42.18001998
Piaui,Nordeste,2011,254,-4.820030091,-42.18001998
Piaui,Nordeste,2012,233,-4.820030091,-42.18001998
Piaui,Nordeste,2013,160,-4.820030091,-42.18001998
Piaui,Nordeste,2014,193,-4.820030091,-42.18001998
Piaui,Nordeste,2015,211,-4.820030091,-42.18001998
Piaui,Nordeste,2016,270,-4.820030091,-42.18001998
Piaui,Nordeste,2017,271,-4.820030091,-42.18001998
Piaui,Nordeste,2018,299,-4.820030091,-42.18001998
Piaui,Nordeste,2019,390,-4.820030091,-42.18001998
Piaui,Nordeste,2020,405,-4.820030091,-42.18001998
Piaui,Nordeste,2021,458,-4.820030091,-42.18001998
Piaui,Nordeste,2022,429,-4.820030091,-42.18001998
Ceara,Nordeste,2000,62,-2.89999225,-40.85002364
Ceara,Nordeste,2001,255,-2.89999225,-40.85002364
Ceara,Nordeste,2002,634,-2.89999225,-40.85002364
Ceara,Nordeste,2003,701,-2.89999225,-40.85002364
Ceara,Nordeste,2004,806,-2.89999225,-40.85002364
Ceara,Nordeste,2005,791,-2.89999225,-40.85002364
Ceara,Nordeste,2006,611,-2.89999225,-40.85002364
Ceara,Nordeste,2007,612,-2.89999225,-40.85002364
Ceara,Nordeste,2008,683,-2.89999225,-40.85002364
Ceara,Nordeste,2009,867,-2.89999225,-40.85002364
Ceara,Nordeste,2010,838,-2.89999225,-40.85002364
Ceara,Nordeste,2011,658,-2.89999225,-40.85002364
Ceara,Nordeste,2012,560,-2.89999225,-40.85002364
Ceara,Nordeste,2013,449,-2.89999225,-40.85002364
Ceara,Nordeste,2014,437,-2.89999225,-40.85002364
Ceara,Nordeste,2015,615,-2.89999225,-40.85002364
Ceara,Nordeste,2016,765,-2.89999225,-40.85002364
Ceara,Nordeste,2017,820,-2.89999225,-40.85002364
Ceara,Nordeste,2018,851,-2.89999225,-40.85002364
Ceara,Nordeste,2019,1108,-2.89999225,-40.85002364
Ceara,Nordeste,2020,997,-2.89999225,-40.85002364
Ceara,Nordeste,2021,930,-2.89999225,-40.85002364
Ceara,Nordeste,2022,780,-2.89999225,-40.85002364
Rio Grande do Norte,Nordeste,2000,84,-5.650005271,-37.80000309
Rio Grande do Norte,Nordeste,2001,168,-5.650005271,-37.80000309
Rio Grande do Norte,Nordeste,2002,231,-5.650005271,-37.80000309
Rio Grande do Norte,Nordeste,2003,306,-5.650005271,-37.80000309
Rio Grande do Norte,Nordeste,2004,425,-5.650005271,-37.80000309
Rio Grande do Norte,Nordeste,2005,335,-5.650005271,-37.80000309
Rio Grande do Norte,Nordeste,2006,301,-5.650005271,-37.80000309
Rio Grande do Norte,Nordeste,2007,284,-5.650005271,-37.80000309
Rio Grande do Norte,Nordeste,2008,282,-5.650005271,-37.80000309
Rio Grande do Norte,Nordeste,2009,465,-5.650005271,-37.80000309
Rio Grande do Norte,Nordeste,2010,556,-5.650005271,-37.80000309
Rio Grande do Norte,Nordeste,2011,382,-5.650005271,-37.80000309
Rio Grande do Norte,Nordeste,2012,356,-5.650005271,-37.80000309
Rio Grande do Norte,Nordeste,2013,228,-5.650005271,-37.80000309
Rio Grande do Norte,Nordeste,2014,250,-5.650005271,-37.80000309
Rio Grande do Norte,Nordeste,2015,367,-5.650005271,-37.80000309
Rio Grande do Norte,Nordeste,2016,448,-5.650005271,-37.80000309
Rio Grande do Norte,Nordeste,2017,427,-5.650005271,-37.80000309
Rio Grande do Norte,Nordeste,2018,453,-5.650005271,-37.80000309
Rio Grande do Norte,Nordeste,2019,588,-5.650005271,-37.80000309
Rio Grande do Norte,Nordeste,2020,652,-5.650005271,-37.80000309
Rio Grande do Norte,Nordeste,2021,572,-5.650005271,-37.80000309
Rio Grande do Norte,Nordeste,2022,413,-5.650005271,-37.80000309
Paraiba,Nordeste,2000,57,-7.019585756,-37.29000838
Paraiba,Nordeste,2001,88,-7.019585756,-37.29000838
Paraiba,Nordeste,2002,246,-7.019585756,-37.29000838
Paraiba,Nordeste,2003,265,-7.019585756,-37.29000838
Paraiba,Nordeste,2004,305,-7.019585756,-37.29000838
Paraiba,Nordeste,2005,458,-7.019585756,-37.29000838
Paraiba,Nordeste,2006,530,-7.019585756,-37.29000838
Paraiba,Nordeste,2007,435,-7.019585756,-37.29000838
Paraiba,Nordeste,2008,392,-7.019585756,-37.29000838
Paraiba,Nordeste,2009,613,-7.019585756,-37.29000838
Paraiba,Nordeste,2010,552,-7.019585756,-37.29000838
Paraiba,Nordeste,2011,436,-7.019585756,-37.29000838
Paraiba,Nordeste,2012,399,-7.019585756,-37.29000838
Paraiba,Nordeste,2013,278,-7.019585756,-37.29000838
Paraiba,Nordeste,2014,278,-7.019585756,-37.29000838
Paraiba,Nordeste,2015,404,-7.019585756,-37.29000838
Paraiba,Nordeste,2016,374,-7.019585756,-37.29000838
Paraiba,Nordeste,2017,416,-7.019585756,-37.29000838
Paraiba,Nordeste,2018,453,-7.019585756,-37.29000838
Paraiba,Nordeste,2019,548,-7.019585756,-37.29000838
Paraiba,Nordeste,2020,663,-7.019585756,-37.29000838
Paraiba,Nordeste,2021,557,-7.019585756,-37.29000838
Paraiba,Nordeste,2022,481,-7.019585756,-37.29000838
Pernambuco,Nordeste,2000,210,-8.110010153,-35.02004358
Pernambuco,Nordeste,2001,352,-8.110010153,-35.02004358
Pernambuco,Nordeste,2002,557,-8.110010153,-35.02004358
Pernambuco,Nordeste,2003,696,-8.110010153,-35.02004358
Pernambuco,Nordeste,2004,571,-8.110010153,-35.02004358
Pernambuco,Nordeste,2005,641,-8.110010153,-35.02004358
Pernambuco,Nordeste,2006,743,-8.110010153,-35.02004358
Pernambuco,Nordeste,2007,764,-8.110010153,-35.02004358
Pernambuco,Nordeste,2008,726,-8.110010153,-35.02004358
Pernambuco,Nordeste,2009,818,-8.110010153,-35.02004358
Pernambuco,Nordeste,2010,749,-8.110010153,-35.02004358
Pernambuco,Nordeste,2011,902,-8.110010153,-35.02004358
Pernambuco,Nordeste,2012,698,-8.110010153,-35.02004358
Pernambuco,Nordeste,2013,602,-8.110010153,-35.02004358
Pernambuco,Nordeste,2014,642,-8.110010153,-35.02004358
Pernambuco,Nordeste,2015,867,-8.110010153,-35.02004358
Pernambuco,Nordeste,2016,1006,-8.110010153,-35.02004358
Pernambuco,Nordeste,2017,849,-8.110010153,-35.02004358
Pernambuco,Nordeste,2018,864,-8.110010153,-35.02004358
Pernambuco,Nordeste,2019,1022,-8.110010153,-35.02004358
Pernambuco,Nordeste,2020,870,-8.110010153,-35.02004358
Pernambuco,Nordeste,2021,1025,-8.110010153,-35.02004358
Pernambuco,Nordeste,2022,1009,-8.110010153,-35.02004358
Alagoas,Nordeste,2000,138,-9.48000405,-35.83996769
Alagoas,Nordeste,2001,216,-9.48000405,-35.83996769
Alagoas,Nordeste,2002,283,-9.48000405,-35.83996769
Alagoas,Nordeste,2003,283,-9.48000405,-35.83996769
Alagoas,Nordeste,2004,227,-9.48000405,-35.83996769
Alagoas,Nordeste,2005,245,-9.48000405,-35.83996769
Alagoas,Nordeste,2006,245,-9.48000405,-35.83996769
Alagoas,Nordeste,2007,322,-9.48000405,-35.83996769
Alagoas,Nordeste,2008,352,-9.48000405,-35.83996769
Alagoas,Nordeste,2009,381,-9.48000405,-35.83996769
Alagoas,Nordeste,2010,360,-9.48000405,-35.83996769
Alagoas,Nordeste,2011,304,-9.48000405,-35.83996769
Alagoas,Nordeste,2012,289,-9.48000405,-35.83996769
Alagoas,Nordeste,2013,311,-9.48000405,-35.83996769
Alagoas,Nordeste,2014,300,-9.48000405,-35.83996769
Alagoas,Nordeste,2015,328,-9.48000405,-35.83996769
Alagoas,Nordeste,2016,337,-9.48000405,-35.83996769
Alagoas,Nordeste,2017,332,-9.48000405,-35.83996769
Alagoas,Nordeste,2018,304,-9.48000405,-35.83996769
Alagoas,Nordeste,2019,382,-9.48000405,-35.83996769
Alagoas,Nordeste,2020,331,-9.48000405,-35.83996769
Alagoas,Nordeste,2021,407,-9.48000405,-35.83996769
Alagoas,Nordeste,2022,371,-9.48000405,-35.83996769
Sergipe,Nordeste,2000,8,-11.26961058,-37.45002446
Sergipe,Nordeste,2001,26,-11.26961058,-37.45002446
Sergipe,Nordeste,2002,27,-11.26961058,-37.45002446
Sergipe,Nordeste,2003,24,-11.26961058,-37.45002446
Sergipe,Nordeste,2004,57,-11.26961058,-37.45002446
Sergipe,Nordeste,2005,54,-11.26961058,-37.45002446
Sergipe,Nordeste,2006,63,-11.26961058,-37.45002446
Sergipe,Nordeste,2007,158,-11.26961058,-37.45002446
Sergipe,Nordeste,2008,214,-11.26961058,-37.45002446
Sergipe,Nordeste,2009,226,-11.26961058,-37.45002446
Sergipe,Nordeste,2010,170,-11.26961058,-37.45002446
Sergipe,Nordeste,2011,190,-11.26961058,-37.45002446
Sergipe,Nordeste,2012,158,-11.26961058,-37.45002446
Sergipe,Nordeste,2013,134,-11.26961058,-37.45002446
Sergipe,Nordeste,2014,125,-11.26961058,-37.45002446
Sergipe,Nordeste,2015,219,-11.26961058,-37.45002446
Sergipe,Nordeste,2016,152,-11.26961058,-37.45002446
Sergipe,Nordeste,2017,160,-11.26961058,-37.45002446
Sergipe,Nordeste,2018,159,-11.26961058,-37.45002446
Sergipe,Nordeste,2019,199,-11.26961058,-37.45002446
Sergipe,Nordeste,2020,142,-11.26961058,-37.45002446
Sergipe,Nordeste,2021,168,-11.26961058,-37.45002446
Sergipe,Nordeste,2022,204,-11.26961058,-37.45002446
Bahia,Nordeste,2000,1674,-16.28000242,-39.0299797
Bahia,Nordeste,2001,2523,-16.28000242,-39.0299797
Bahia,Nordeste,2002,2968,-16.28000242,-39.0299797
Bahia,Nordeste,2003,2714,-16.28000242,-39.0299797
Bahia,Nordeste,2004,2407,-16.28000242,-39.0299797
Bahia,Nordeste,2005,2444,-16.28000242,-39.0299797
Bahia,Nordeste,2006,2624,-16.28000242,-39.0299797
Bahia,Nordeste,2007,2511,-16.28000242,-39.0299797
Bahia,Nordeste,2008,2616,-16.28000242,-39.0299797
Bahia,Nordeste,2009,3270,-16.28000242,-39.0299797
Bahia,Nordeste,2010,3055,-16.28000242,-39.0299797
Bahia,Nordeste,2011,3159,-16.28000242,-39.0299797
Bahia,Nordeste,2012,2661,-16.28000242,-39.0299797
Bahia,Nordeste,2013,2538,-16.28000242,-39.0299797
Bahia,Nordeste,2014,2171,-16.28000242,-39.0299797
Bahia,Nordeste,2015,2526,-16.28000242,-39.0299797
Bahia,Nordeste,2016,2542,-16.28000242,-39.0299797
Bahia,Nordeste,2017,2625,-16.28000242,-39.0299797
Bahia,Nordeste,2018,2315,-16.28000242,-39.0299797
Bahia,Nordeste,2019,2697,-16.28000242,-39.0299797
Bahia,Nordeste,2020,3137,-16.28000242,-39.0299797
Bahia,Nordeste,2021,3129,-16.28000242,-39.0299797
Bahia,Nordeste,2022,3000,-16.28000242,-39.0299797
Minas Gerais,Sudeste,2000,397,-18.78000486,-42.95002466
Minas Gerais,Sudeste,2001,2963,-18.78000486,-42.95002466
Minas Gerais,Sudeste,2002,3490,-18.78000486,-42.95002466
Minas Gerais,Sudeste,2003,3937,-18.78000486,-42.95002466
Minas Gerais,Sudeste,2004,4366,-18.78000486,-42.95002466
Minas Gerais,Sudeste,2005,3892,-18.78000486,-42.95002466
Minas Gerais,Sudeste,2006,4074,-18.78000486,-42.95002466
Minas Gerais,Sudeste,2007,3495,-18.78000486,-42.95002466
Minas Gerais,Sudeste,2008,3519,-18.78000486,-42.95002466
Minas Gerais,Sudeste,2009,2915,-18.78000486,-42.95002466
Minas Gerais,Sudeste,2010,3198,-18.78000486,-42.95002466
Minas Gerais,Sudeste,2011,3869,-18.78000486,-42.95002466
Minas Gerais,Sudeste,2012,3745,-18.78000486,-42.95002466
Minas Gerais,Sudeste,2013,3499,-18.78000486,-42.95002466
Minas Gerais,Sudeste,2014,2681,-18.78000486,-42.95002466
Minas Gerais,Sudeste,2015,2628,-18.78000486,-42.95002466
Minas Gerais,Sudeste,2016,2515,-18.78000486,-42.95002466
Minas Gerais,Sudeste,2017,3339,-18.78000486,-42.95002466
Minas Gerais,Sudeste,2018,3356,-18.78000486,-42.95002466
Minas Gerais,Sudeste,2019,3415,-18.78000486,-42.95002466
Minas Gerais,Sudeste,2020,3501,-18.78000486,-42.95002466
Minas Gerais,Sudeste,2021,3032,-18.78000486,-42.95002466
Minas Gerais,Sudeste,2022,2880,-18.78000486,-42.95002466
Espirito Santo,Sudeste,2000,979,-20.85000771,-41.12998071
Espirito Santo,Sudeste,2001,887,-20.85000771,-41.12998071
Espirito Santo,Sudeste,2002,1045,-20.85000771,-41.12998071
Espirito Santo,Sudeste,2003,881,-20.85000771,-41.12998071
Espirito Santo,Sudeste,2004,1216,-20.85000771,-41.12998071
Espirito Santo,Sudeste,2005,1068,-20.85000771,-41.12998071
Espirito Santo,Sudeste,2006,1018,-20.85000771,-41.12998071
Espirito Santo,Sudeste,2007,1063,-20.85000771,-41.12998071
Espirito Santo,Sudeste,2008,1142,-20.85000771,-41.12998071
Espirito Santo,Sudeste,2009,890,-20.85000771,-41.12998071
Espirito Santo,Sudeste,2010,851,-20.85000771,-41.12998071
Espirito Santo,Sudeste,2011,990,-20.85000771,-41.12998071
Espirito Santo,Sudeste,2012,889,-20.85000771,-41.12998071
Espirito Santo,Sudeste,2013,938,-20.85000771,-41.12998071
Espirito Santo,Sudeste,2014,689,-20.85000771,-41.12998071
Espirito Santo,Sudeste,2015,701,-20.85000771,-41.12998071
Espirito Santo,Sudeste,2016,607,-20.85000771,-41.12998071
Espirito Santo,Sudeste,2017,745,-20.85000771,-41.12998071
Espirito Santo,Sudeste,2018,929,-20.85000771,-41.12998071
Espirito Santo,Sudeste,2019,817,-20.85000771,-41.12998071
Espirito Santo,Sudeste,2020,820,-20.85000771,-41.12998071
Espirito Santo,Sudeste,2021,824,-20.85000771,-41.12998071
Espirito Santo,Sudeste,2022,682,-20.85000771,-41.12998071
Rio de Janeiro,Sudeste,2000,337,-22.56003253,-44.1699502
Rio de Janeiro,Sudeste,2001,401,-22.56003253,-44.1699502
Rio de Janeiro,Sudeste,2002,367,-22.56003253,-44.1699502
Rio de Janeiro,Sudeste,2003,522,-22.56003253,-44.1699502
Rio de Janeiro,Sudeste,2004,541,-22.56003253,-44.1699502
Rio de Janeiro,Sudeste,2005,568,-22.56003253,-44.1699502
Rio de Janeiro,Sudeste,2006,641,-22.56003253,-44.1699502
Rio de Janeiro,Sudeste,2007,573,-22.56003253,-44.1699502
Rio de Janeiro,Sudeste,2008,568,-22.56003253,-44.1699502
Rio de Janeiro,Sudeste,2009,626,-22.56003253,-44.1699502
Rio de Janeiro,Sudeste,2010,594,-22.56003253,-44.1699502
Rio de Janeiro,Sudeste,2011,529,-22.56003253,-44.1699502
Rio de Janeiro,Sudeste,2012,605,-22.56003253,-44.1699502
Rio de Janeiro,Sudeste,2013,570,-22.56003253,-44.1699502
Rio de Janeiro,Sudeste,2014,512,-22.56003253,-44.1699502
Rio de Janeiro,Sudeste,2015,554,-22.56003253,-44.1699502
Rio de Janeiro,Sudeste,2016,515,-22.56003253,-44.1699502
Rio de Janeiro,Sudeste,2017,607,-22.56003253,-44.1699502
Rio de Janeiro,Sudeste,2018,693,-22.56003253,-44.1699502
Rio de Janeiro,Sudeste,2019,736,-22.56003253,-44.1699502
Rio de Janeiro,Sudeste,2020,660,-22.56003253,-44.1699502
Rio de Janeiro,Sudeste,2021,575,-22.56003253,-44.1699502
Rio de Janeiro,Sudeste,2022,562,-22.56003253,-44.1699502
Sao Paulo,Sudeste,2000,1791,-23.65283405,-46.52781661
Sao Paulo,Sudeste,2001,1647,-23.65283405,-46.52781661
Sao Paulo,Sudeste,2002,1746,-23.65283405,-46.52781661
Sao Paulo,Sudeste,2003,1989,-23.65283405,-46.52781661
Sao Paulo,Sudeste,2004,1894,-23.65283405,-46.52781661
Sao Paulo,Sudeste,2005,1812,-23.65283405,-46.52781661
Sao Paulo,Sudeste,2006,1713,-23.65283405,-46.52781661
Sao Paulo,Sudeste,2007,1459,-23.65283405,-46.52781661
Sao Paulo,Sudeste,2008,1695,-23.65283405,-46.52781661
Sao Paulo,Sudeste,2009,1879,-23.65283405,-46.52781661
Sao Paulo,Sudeste,2010,1746,-23.65283405,-46.52781661
Sao Paulo,Sudeste,2011,1910,-23.65283405,-46.52781661
Sao Paulo,Sudeste,2012,1890,-23.65283405,-46.52781661
Sao Paulo,Sudeste,2013,1773,-23.65283405,-46.52781661
Sao Paulo,Sudeste,2014,1871,-23.65283405,-46.52781661
Sao Paulo,Sudeste,2015,1863,-23.65283405,-46.52781661
Sao Paulo,Sudeste,2016,1756,-23.65283405,-46.52781661
Sao Paulo,Sudeste,2017,2209,-23.65283405,-46.52781661
Sao Paulo,Sudeste,2018,2051,-23.65283405,-46.52781661
Sao Paulo,Sudeste,2019,2076,-23.65283405,-46.52781661
Sao Paulo,Sudeste,2020,2036,-23.65283405,-46.52781661
Sao Paulo,Sudeste,2021,2029,-23.65283405,-46.52781661
Sao Paulo,Sudeste,2022,1854,-23.65283405,-46.52781661
Parana,Sul,2000,131,-24.08996499,-54.2699797
Parana,Sul,2001,805,-24.08996499,-54.2699797
Parana,Sul,2002,884,-24.08996499,-54.2699797
Parana,Sul,2003,849,-24.08996499,-54.2699797
Parana,Sul,2004,826,-24.08996499,-54.2699797
Parana,Sul,2005,922,-24.08996499,-54.2699797
Parana,Sul,2006,910,-24.08996499,-54.2699797
Parana,Sul,2007,1057,-24.08996499,-54.2699797
Parana,Sul,2008,995,-24.08996499,-54.2699797
Parana,Sul,2009,1005,-24.08996499,-54.2699797
Parana,Sul,2010,906,-24.08996499,-54.2699797
Parana,Sul,2011,898,-24.08996499,-54.2699797
Parana,Sul,2012,829,-24.08996499,-54.2699797
Parana,Sul,2013,766,-24.08996499,-54.2699797
Parana,Sul,2014,822,-24.08996499,-54.2699797
Parana,Sul,2015,802,-24.08996499,-54.2699797
Parana,Sul,2016,870,-24.08996499,-54.2699797
Parana,Sul,2017,935,-24.08996499,-54.2699797
Parana,Sul,2018,840,-24.08996499,-54.2699797
Parana,Sul,2019,824,-24.08996499,-54.2699797
Parana,Sul,2020,805,-24.08996499,-54.2699797
Parana,Sul,2021,724,-24.08996499,-54.2699797
Parana,Sul,2022,662,-24.08996499,-54.2699797
Santa Catarina,Sul,2000,760,-27.23003172,-52.03001306
Santa Catarina,Sul,2001,704,-27.23003172,-52.03001306
Santa Catarina,Sul,2002,740,-27.23003172,-52.03001306
Santa Catarina,Sul,2003,865,-27.23003172,-52.03001306
Santa Catarina,Sul,2004,822,-27.23003172,-52.03001306
Santa Catarina,Sul,2005,817,-27.23003172,-52.03001306
Santa Catarina,Sul,2006,817,-27.23003172,-52.03001306
Santa Catarina,Sul,2007,873,-27.23003172,-52.03001306
Santa Catarina,Sul,2008,824,-27.23003172,-52.03001306
Santa Catarina,Sul,2009,896,-27.23003172,-52.03001306
Santa Catarina,Sul,2010,792,-27.23003172,-52.03001306
Santa Catarina,Sul,2011,752,-27.23003172,-52.03001306
Santa Catarina,Sul,2012,760,-27.23003172,-52.03001306
Santa Catarina,Sul,2013,701,-27.23003172,-52.03001306
Santa Catarina,Sul,2014,709,-27.23003172,-52.03001306
Santa Catarina,Sul,2015,730,-27.23003172,-52.03001306
Santa Catarina,Sul,2016,677,-27.23003172,-52.03001306
Santa Catarina,Sul,2017,702,-27.23003172,-52.03001306
Santa Catarina,Sul,2018,653,-27.23003172,-52.03001306
Santa Catarina,Sul,2019,650,-27.23003172,-52.03001306
Santa Catarina,Sul,2020,687,-27.23003172,-52.03001306
Santa Catarina,Sul,2021,615,-27.23003172,-52.03001306
Santa Catarina,Sul,2022,611,-27.23003172,-52.03001306
Rio Grande do Sul,Sul,2000,337,-30.88004148,-55.53000615
Rio Grande do Sul,Sul,2001,636,-30.88004148,-55.53000615
Rio Grande do Sul,Sul,2002,972,-30.88004148,-55.53000615
Rio Grande do Sul,Sul,2003,1047,-30.88004148,-55.53000615
Rio Grande do Sul,Sul,2004,1070,-30.88004148,-55.53000615
Rio Grande do Sul,Sul,2005,903,-30.88004148,-55.53000615
Rio Grande do Sul,Sul,2006,1061,-30.88004148,-55.53000615
Rio Grande do Sul,Sul,2007,1086,-30.88004148,-55.53000615
Rio Grande do Sul,Sul,2008,943,-30.88004148,-55.53000615
Rio Grande do Sul,Sul,2009,1078,-30.88004148,-55.53000615
Rio Grande do Sul,Sul,2010,1023,-30.88004148,-55.53000615
Rio Grande do Sul,Sul,2011,952,-30.88004148,-55.53000615
Rio Grande do Sul,Sul,2012,841,-30.88004148,-55.53000615
Rio Grande do Sul,Sul,2013,777,-30.88004148,-55.53000615
Rio Grande do Sul,Sul,2014,805,-30.88004148,-55.53000615
Rio Grande do Sul,Sul,2015,886,-30.88004148,-55.53000615
Rio Grande do Sul,Sul,2016,844,-30.88004148,-55.53000615
Rio Grande do Sul,Sul,2017,912,-30.88004148,-55.53000615
Rio Grande do Sul,Sul,2018,786,-30.88004148,-55.53000615
Rio Grande do Sul,Sul,2019,849,-30.88004148,-55.53000615
Rio Grande do Sul,Sul,2020,691,-30.88004148,-55.53000615
Rio Grande do Sul,Sul,2021,707,-30.88004148,-55.53000615
Rio Grande do Sul,Sul,2022,651,-30.88004148,-55.53000615
Mato Grosso do Sul,Centro-oeste,2000,249,-22.53000853,-55.7299681
Mato Grosso do Sul,Centro-oeste,2001,256,-22.53000853,-55.7299681
Mato Grosso do Sul,Centro-oeste,2002,291,-22.53000853,-55.7299681
Mato Grosso do Sul,Centro-oeste,2003,387,-22.53000853,-55.7299681
Mato Grosso do Sul,Centro-oeste,2004,481,-22.53000853,-55.7299681
Mato Grosso do Sul,Centro-oeste,2005,469,-22.53000853,-55.7299681
Mato Grosso do Sul,Centro-oeste,2006,449,-22.53000853,-55.7299681
Mato Grosso do Sul,Centro-oeste,2007,331,-22.53000853,-55.7299681
Mato Grosso do Sul,Centro-oeste,2008,575,-22.53000853,-55.7299681
Mato Grosso do Sul,Centro-oeste,2009,580,-22.53000853,-55.7299681
Mato Grosso do Sul,Centro-oeste,2010,482,-22.53000853,-55.7299681
Mato Grosso do Sul,Centro-oeste,2011,521,-22.53000853,-55.7299681
Mato Grosso do Sul,Centro-oeste,2012,576,-22.53000853,-55.7299681
Mato Grosso do Sul,Centro-oeste,2013,445,-22.53000853,-55.7299681
Mato Grosso do Sul,Centro-oeste,2014,505,-22.53000853,-55.7299681
Mato Grosso do Sul,Centro-oeste,2015,531,-22.53000853,-55.7299681
Mato Grosso do Sul,Centro-oeste,2016,533,-22.53000853,-55.7299681
Mato Grosso do Sul,Centro-oeste,2017,585,-22.53000853,-55.7299681
Mato Grosso do Sul,Centro-oeste,2018,484,-22.53000853,-55.7299681
Mato Grosso do Sul,Centro-oeste,2019,519,-22.53000853,-55.7299681
Mato Grosso do Sul,Centro-oeste,2020,407,-22.53000853,-55.7299681
Mato Grosso do Sul,Centro-oeste,2021,402,-22.53000853,-55.7299681
Mato Grosso do Sul,Centro-oeste,2022,380,-22.53000853,-55.7299681
Mato Grosso,Centro-oeste,2000,64,-15.65001504,-56.14002059
Mato Grosso,Centro-oeste,2001,471,-15.65001504,-56.14002059
Mato Grosso,Centro-oeste,2002,741,-15.65001504,-56.14002059
Mato Grosso,Centro-oeste,2003,920,-15.65001504,-56.14002059
Mato Grosso,Centro-oeste,2004,1047,-15.65001504,-56.14002059
Mato Grosso,Centro-oeste,2005,1136,-15.65001504,-56.14002059
Mato Grosso,Centro-oeste,2006,1146,-15.65001504,-56.14002059
Mato Grosso,Centro-oeste,2007,1139,-15.65001504,-56.14002059
Mato Grosso,Centro-oeste,2008,1160,-15.65001504,-56.14002059
Mato Grosso,Centro-oeste,2009,1288,-15.65001504,-56.14002059
Mato Grosso,Centro-oeste,2010,1423,-15.65001504,-56.14002059
Mato Grosso,Centro-oeste,2011,1272,-15.65001504,-56.14002059
Mato Grosso,Centro-oeste,2012,1199,-15.65001504,-56.14002059
Mato Grosso,Centro-oeste,2013,1142,-15.65001504,-56.14002059
Mato Grosso,Centro-oeste,2014,1190,-15.65001504,-56.14002059
Mato Grosso,Centro-oeste,2015,1294,-15.65001504,-56.14002059
Mato Grosso,Centro-oeste,2016,1220,-15.65001504,-56.14002059
Mato Grosso,Centro-oeste,2017,1166,-15.65001504,-56.14002059
Mato Grosso,Centro-oeste,2018,1037,-15.65001504,-56.14002059
Mato Grosso,Centro-oeste,2019,1318,-15.65001504,-56.14002059
Mato Grosso,Centro-oeste,2020,1157,-15.65001504,-56.14002059
Mato Grosso,Centro-oeste,2021,1038,-15.65001504,-56.14002059
Mato Grosso,Centro-oeste,2022,954,-15.65001504,-56.14002059
Goias,Centro-oeste,2000,903,-17.73004311,-49.10998458
Goias,Centro-oeste,2001,886,-17.73004311,-49.10998458
Goias,Centro-oeste,2002,1066,-17.73004311,-49.10998458
Goias,Centro-oeste,2003,1196,-17.73004311,-49.10998458
Goias,Centro-oeste,2004,975,-17.73004311,-49.10998458
Goias,Centro-oeste,2005,1066,-17.73004311,-49.10998458
Goias,Centro-oeste,2006,955,-17.73004311,-49.10998458
Goias,Centro-oeste,2007,732,-17.73004311,-49.10998458
Goias,Centro-oeste,2008,975,-17.73004311,-49.10998458
Goias,Centro-oeste,2009,994,-17.73004311,-49.10998458
Goias,Centro-oeste,2010,1155,-17.73004311,-49.10998458
Goias,Centro-oeste,2011,1309,-17.73004311,-49.10998458
Goias,Centro-oeste,2012,1204,-17.73004311,-49.10998458
Goias,Centro-oeste,2013,1012,-17.73004311,-49.10998458
Goias,Centro-oeste,2014,973,-17.73004311,-49.10998458
Goias,Centro-oeste,2015,979,-17.73004311,-49.10998458
Goias,Centro-oeste,2016,1105,-17.73004311,-49.10998458
Goias,Centro-oeste,2017,1271,-17.73004311,-49.10998458
Goias,Centro-oeste,2018,1029,-17.73004311,-49.10998458
Goias,Centro-oeste,2019,1185,-17.73004311,-49.10998458
Goias,Centro-oeste,2020,1271,-17.73004311,-49.10998458
Goias,Centro-oeste,2021,1384,-17.73004311,-49.10998458
Goias,Centro-oeste,2022,1111,-17.73004311,-49.10998458
Distrito Federal,Centro-oeste,2000,138,-15.78334023,-47.91605229
Distrito Federal,Centro-oeste,2001,119,-15.78334023,-47.91605229
Distrito Federal,Centro-oeste,2002,84,-15.78334023,-47.91605229
Distrito Federal,Centro-oeste,2003,104,-15.78334023,-47.91605229
Distrito Federal,Centro-oeste,2004,75,-15.78334023,-47.91605229
Distrito Federal,Centro-oeste,2005,67,-15.78334023,-47.91605229
Distrito Federal,Centro-oeste,2006,63,-15.78334023,-47.91605229
Distrito Federal,Centro-oeste,2007,76,-15.78334023,-47.91605229
Distrito Federal,Centro-oeste,2008,72,-15.78334023,-47.91605229
Distrito Federal,Centro-oeste,2009,78,-15.78334023,-47.91605229
Distrito Federal,Centro-oeste,2010,88,-15.78334023,-47.91605229
Distrito Federal,Centro-oeste,2011,114,-15.78334023,-47.91605229
Distrito Federal,Centro-oeste,2012,102,-15.78334023,-47.91605229
Distrito Federal,Centro-oeste,2013,112,-15.78334023,-47.91605229
Distrito Federal,Centro-oeste,2014,89,-15.78334023,-47.91605229
Distrito Federal,Centro-oeste,2015,102,-15.78334023,-47.91605229
Distrito Federal,Centro-oeste,2016,94,-15.78334023,-47.91605229
Distrito Federal,Centro-oeste,2017,104,-15.78334023,-47.91605229
Distrito Federal,Centro-oeste,2018,122,-15.78334023,-47.91605229
Distrito Federal,Centro-oeste,2019,96,-15.78334023,-47.91605229
Distrito Federal,Centro-oeste,2020,112,-15.78334023,-47.91605229
Distrito Federal,Centro-oeste,2021,111,-15.78334023,-47.91605229
Distrito Federal,Centro-oeste,2022,104,-15.78334023,-47.91605229
